Temperature(K),Pressure(ATM),CompressibilityFactor(Z)
303.230000,23.434000,0.725550
313.345000,26.435000,0.752416
323.345000,29.344000,0.778906
383.345000,25.876000,0.912745
393.678000,28.344000,0.939472
363.678000,27.843000,0.869871
373.789000,26.567000,0.891595
273.1,24.675,0.806677258
313.1,24.675,0.888394713