Temperature(K),Pressure(ATM),CompressibilityFactor(Z)
333.123000,27.343000,0.798995
343.670000,25.343000,0.820853
353.340000,29.343000,0.847894
373.789000,26.567000,0.891595